{
  "dataset": "A",
  "split": "S1",
  "protocol": "P2",
  "model": "xgb",
  "seed": 2026,
  "phase": "PHASE1_MAIN",
  "notes": "P2: Global scaling leakage ONLY using nanmean/nanstd; NaNs preserved; imputation remains fold-safe.",
  "global_num_imputer_stats": null,
  "global_cat_imputer_fill": null,
  "global_scaler_mean": {
    "anchor_age": 58.75967615936368,
    "anchor_year": 2152.2060222995524,
    "lab_50802": -0.3946374045801527,
    "lab_50820": 7.378842542434091,
    "lab_50821": 124.61946564885496,
    "lab_50861": 60.010211857948484,
    "lab_50863": 121.1965966122961,
    "lab_50868": 13.314282365809829,
    "lab_50878": 64.66289833080425,
    "lab_50882": 25.25853582311118,
    "lab_50885": 1.0545603879849812,
    "lab_50893": 8.747762088147198,
    "lab_50902": 102.77162696873303,
    "lab_50912": 1.2437557251908398,
    "lab_50931": 120.6126644736842,
    "lab_50960": 1.9880105678101152,
    "lab_50970": 3.463244034800586,
    "lab_50971": 4.103412600370599,
    "lab_50983": 138.69651162790697,
    "lab_51006": 20.281903806068094,
    "lab_51221": 33.52741376768868,
    "lab_51222": 11.025732642019838,
    "lab_51248": 29.720891417376233,
    "lab_51249": 32.839195298372516,
    "lab_51250": 90.53565669504935,
    "lab_51265": 227.14859302499625,
    "lab_51274": 14.891432567898358,
    "lab_51275": 35.94228110599079,
    "lab_51277": 14.802875122465899,
    "lab_51279": 3.7301653982367564,
    "lab_51301": 8.774531591234279,
    "lab_52172": 49.111568746214424
  },
  "global_scaler_scale": {
    "anchor_age": 18.414285574660408,
    "anchor_year": 23.833688206184597,
    "lab_50802": 4.790732033639836,
    "lab_50820": 0.07184237829993519,
    "lab_50821": 81.98393206764189,
    "lab_50861": 237.65198934748642,
    "lab_50863": 129.26947062058915,
    "lab_50868": 2.816753495878867,
    "lab_50878": 293.4829348735789,
    "lab_50882": 3.4871770164605076,
    "lab_50885": 2.3362519780331765,
    "lab_50893": 0.6802821646833216,
    "lab_50902": 4.430999898911748,
    "lab_50912": 1.3487200383535995,
    "lab_50931": 41.40992266390877,
    "lab_50960": 0.27141927579245007,
    "lab_50970": 0.8612026074378486,
    "lab_50971": 0.4361324176456086,
    "lab_50983": 3.382104558128393,
    "lab_51006": 15.40527641300993,
    "lab_51221": 5.705150638257625,
    "lab_51222": 2.0262597405006777,
    "lab_51248": 2.7469790142371338,
    "lab_51249": 1.5294367865658456,
    "lab_51250": 7.148439404026318,
    "lab_51265": 106.72049901183978,
    "lab_51274": 5.9662095410639155,
    "lab_51275": 15.69380836673207,
    "lab_51277": 2.297194644378371,
    "lab_51279": 0.7006010806143564,
    "lab_51301": 7.191159335673618,
    "lab_52172": 8.334516623368952
  },
  "p3_k": null,
  "p3_selected_idx": null,
  "p3_feature_names": null,
  "p3_declared_leakage": null
}